Rank,PlayerID,Name,Team,Position,Played,PassingYards,PassingTouchdowns,PassingInterceptions,RushingYards,RushingTouchdowns,Receptions,ReceivingYards,ReceivingTouchdowns,Sacks,Interceptions,FumblesForced,FumblesRecovered,FantasyPointsPerGamePPR,FantasyPointsPPR
1,2593,Aaron Rodgers,GB,QB,16,353,35,0,23,3,0,0,0,0,0,0,0,10.9,174.42
2,19801,Josh Allen,BUF,QB,16,357,25,0,57,7,1,12,1,0,0,0,0,10.4,166.18
3,13799,Ryan Tannehill,TEN,QB,16,368,26,2,54,6,0,0,0,0,0,0,0,10.1,162.12
4,18878,Alvin Kamara,NO,RB,15,0,0,0,144,15,12,97,4,0,0,0,0,10,150.1
5,20889,Kyler Murray,ARI,QB,16,279,19,2,111,9,0,0,0,0,0,0,0,9.3,148.26
6,4314,Tom Brady,TB,QB,16,363,28,0,4,3,0,0,0,0,0,0,0,9.1,144.92
7,14536,Russell Wilson,SEA,QB,16,371,29,3,5,2,0,0,0,0,0,0,0,8.7,139.34
8,14252,Kirk Cousins,MIN,QB,16,339,27,0,19,1,0,0,0,0,0,0,0,8.6,137.46
9,18890,Patrick Mahomes,KC,QB,15,299,26,2,26,2,0,0,0,0,0,0,0,8.7,130.56
10,21681,Justin Herbert,LAC,QB,15,311,20,1,27,5,0,0,0,0,0,0,0,8.5,127.14
11,19781,Lamar Jackson,BAL,QB,15,280,20,0,122,4,0,0,0,0,0,0,0,8.2,123.4
12,16470,Davante Adams,GB,WR,14,0,0,0,0,0,23,135,14,0,0,0,0,8.6,120.5
13,18857,Deshaun Watson,HOU,QB,16,333,18,0,104,3,0,0,0,0,0,0,0,7.1,113.72
14,18872,Dalvin Cook,MIN,RB,14,0,0,0,257,13,2,16,0,0,0,0,0,8.1,113.3
15,13320,Cam Newton,NE,QB,15,117,5,1,93,12,1,19,1,0,0,0,0,7.5,112.88
16,7242,Drew Brees,NO,QB,12,370,21,1,3,2,0,0,0,0,0,0,0,9.1,109.1
17,15534,Adam Thielen,MIN,WR,15,0,0,0,3,0,16,115,13,0,0,0,0,7.2,107.8
18,732,Matt Ryan,ATL,QB,16,310,20,1,28,2,0,0,0,0,0,0,0,6.7,107.2
19,19790,Baker Mayfield,CLE,QB,16,296,21,0,20,1,0,0,0,0,0,0,0,6.6,105.84
20,17959,Derrick Henry,TEN,RB,16,0,0,0,196,13,1,5,0,0,0,0,0,6.3,101.1
21,3807,Ben Roethlisberger,PIT,QB,15,367,20,2,-3,0,0,0,0,0,0,0,0,6.3,94.38
22,17920,Carson Wentz,PHI,QB,12,201,12,3,41,5,0,0,0,0,0,0,0,7.8,94.14
23,17922,Jared Goff,LAR,QB,15,245,15,1,12,4,0,0,0,0,0,0,0,6.2,93
24,16311,Derek Carr,LV,QB,16,269,15,1,40,3,0,0,0,0,0,0,0,5.8,92.76
25,15048,Travis Kelce,KC,TE,15,4,0,0,0,0,14,100,10,0,0,0,0,5.7,86.16
26,19798,Nick Chubb,CLE,RB,12,0,0,0,155,11,2,11,0,0,0,0,0,7,84.6
27,9038,Matthew Stafford,DET,QB,16,292,18,3,26,0,0,0,0,0,0,0,0,5.3,84.28
28,21970,James Robinson,JAX,RB,14,0,0,0,119,7,6,49,3,0,0,0,0,5.9,82.8
29,18944,Kareem Hunt,CLE,RB,16,0,0,0,112,6,7,45,4,0,0,0,0,5.2,82.7
30,8244,Philip Rivers,IND,QB,16,350,17,1,0,0,0,0,0,0,0,0,0,5.1,82
31,19238,Taysom Hill,NO,TE,16,91,3,0,110,8,1,20,1,0,0,0,0,5.1,81.64
32,20824,Josh Jacobs,LV,RB,15,0,0,0,163,11,0,0,0,0,0,0,0,5.4,80.3
33,18082,Tyreek Hill,KC,WR,15,0,0,0,21,1,14,98,8,0,0,1,0,5.3,79.9
34,20859,Drew Lock,DEN,QB,13,220,12,2,33,3,0,0,0,0,0,0,0,5.9,76.1
35,16497,Teddy Bridgewater,CAR,QB,15,170,9,3,111,5,0,0,0,0,0,0,0,5.1,75.9
36,20882,David Montgomery,CHI,RB,15,0,0,0,139,7,7,45,1,0,0,0,0,5,75.4
37,16597,Mike Evans,TB,WR,16,0,0,0,0,0,12,74,9,0,0,0,0,4.6,73.4
38,21684,D'Andre Swift,DET,RB,13,0,0,0,48,8,6,39,2,0,0,0,0,5.6,72.7
39,19045,Aaron Jones,GB,RB,14,0,0,0,112,7,5,21,2,0,0,0,0,5.2,72.3
40,18990,Jonnu Smith,TEN,TE,15,0,0,0,1,1,11,68,8,0,0,0,0,4.8,71.9
41,21682,Jonathan Taylor,IND,RB,15,0,0,0,119,9,4,10,0,0,0,0,0,4.7,70.9
42,20880,Gardner Minshew,JAX,QB,9,199,14,0,6,1,0,0,0,0,0,0,0,7.8,70.56
43,20360,Jeff Wilson Jr.,SF,RB,11,0,0,0,94,7,3,38,2,0,0,0,0,6.4,70.2
44,17923,Ezekiel Elliott,DAL,RB,15,0,0,0,100,6,6,37,2,0,0,0,0,4.6,69.7
45,16964,Darren Waller,LV,TE,16,0,0,0,0,0,19,115,6,0,0,0,0,4.3,68.5
46,16887,Mike Davis,CAR,RB,15,0,0,0,95,6,8,29,2,0,0,0,0,4.6,68.4
47,18811,Mitch Trubisky,CHI,QB,10,207,13,2,40,1,0,0,0,0,0,0,0,6.8,68.28
48,16847,David Johnson,HOU,RB,12,0,0,0,64,6,9,42,2,0,0,0,0,5.6,67.6
49,18003,Kenyan Drake,ARI,RB,15,0,0,0,121,9,1,3,0,0,0,0,0,4.5,67.4
50,15076,Keenan Allen,LAC,WR,14,0,0,0,0,0,13,118,7,0,0,0,0,4.8,66.8
51,21861,Antonio Gibson,WAS,RB,14,0,0,0,92,9,2,12,0,0,0,0,0,4.7,66.4
52,16830,Tyler Lockett,SEA,WR,16,0,0,0,0,0,12,63,8,0,0,0,0,4.1,66.3
53,16776,Melvin Gordon III,DEN,RB,15,0,0,0,115,8,1,16,1,0,0,0,0,4.4,66.1
54,18883,JuJu Smith-Schuster,PIT,WR,16,0,0,0,0,0,15,115,6,0,0,0,0,4,64.5
55,19802,Calvin Ridley,ATL,WR,15,0,0,0,-7,0,12,91,7,0,0,0,0,4.3,64.4
56,11488,Jimmy Graham,CHI,TE,16,0,0,0,0,0,13,85,7,0,0,0,0,4,63.5
57,21693,Joe Burrow,CIN,QB,10,186,12,2,19,2,0,0,0,0,0,0,0,6.3,63.34
58,16656,Logan Thomas,WAS,TE,16,0,0,0,2,0,15,117,6,0,0,0,0,3.9,62.9
59,21042,A.J. Brown,TEN,WR,14,0,0,0,0,0,10,100,7,0,0,0,0,4.4,62
60,21674,J.K. Dobbins,BAL,RB,15,0,0,0,97,8,0,0,0,0,0,0,0,4.1,61.7
61,8283,Ryan Fitzpatrick,MIA,QB,9,108,10,2,27,2,0,0,0,0,0,0,0,6.8,61.02
62,19119,Chris Carson,SEA,RB,12,0,0,0,84,4,5,52,3,0,0,0,0,5,60.6
63,19491,Robert Tonyan,GB,TE,16,0,0,0,0,0,10,67,7,0,0,0,0,3.7,58.7
64,16771,Todd Gurley II,ATL,RB,15,0,0,0,101,8,0,0,0,0,0,0,0,3.9,58.1
65,14916,Giovani Bernard,CIN,RB,16,0,0,0,57,3,9,58,3,0,0,0,0,3.5,56.5
66,21677,Tua Tagovailoa,MIA,QB,10,108,9,2,20,3,0,0,0,0,0,0,0,5.6,56.32
67,19912,Nyheim Hines,IND,RB,16,0,0,0,79,3,9,66,2,0,0,0,0,3.5,55.5
68,14871,Robert Woods,LAR,WR,16,0,0,0,16,2,10,68,4,0,0,0,0,3.4,54.4
69,16510,Jerick McKinnon,SF,RB,16,0,0,0,71,5,6,38,1,0,0,0,0,3.3,52.9
69,20805,T.J. Hockenson,DET,TE,16,0,0,0,0,0,9,59,6,0,0,0,0,3.3,52.9
71,21690,Tee Higgins,CIN,WR,16,0,0,0,0,0,9,72,6,0,0,0,0,3.3,52.2
72,16906,Stefon Diggs,BUF,WR,16,0,0,0,0,0,12,96,5,0,0,0,0,3.2,51.6
73,21747,Brandon Aiyuk,SF,WR,12,0,0,0,19,1,9,45,5,0,0,0,0,4.3,51.4
74,8534,Jared Cook,NO,TE,15,0,0,0,0,0,8,92,6,0,0,0,0,3.4,51.2
75,4807,Adrian Peterson,DET,RB,16,0,0,0,85,7,0,0,0,0,0,0,0,3.2,50.5
75,19207,Tim Patrick,DEN,WR,15,0,0,0,0,0,9,55,6,0,0,0,0,3.4,50.5
77,18055,Dak Prescott,DAL,QB,5,97,4,1,25,3,1,11,1,0,0,0,0,10.1,50.48
78,21045,Marquise Brown,BAL,WR,16,0,0,0,0,0,8,64,6,0,0,0,0,3.2,50.4
79,18880,Chris Godwin,TB,WR,12,0,0,0,0,0,8,51,6,0,0,0,0,4.1,49.1
80,19330,Nick Mullens,SF,QB,10,219,11,3,0,0,0,0,0,0,0,0,0,4.9,48.76
81,21752,Chase Claypool,PIT,WR,16,0,0,0,6,2,7,51,4,0,0,0,0,3,48.7
82,18983,James Conner,PIT,RB,13,0,0,0,68,6,4,18,0,0,0,0,0,3.7,48.6
83,14901,Kyle Juszczyk,SF,FB,16,0,0,0,17,2,6,35,4,0,0,0,0,3,47.2
84,19861,Ronald Jones,TB,RB,14,0,0,0,89,6,1,9,0,0,0,0,0,3.3,46.8
85,18803,Leonard Fournette,TB,RB,13,0,0,0,42,5,8,45,0,0,0,0,0,3.6,46.7
86,19919,Chase Edmonds,ARI,RB,16,0,0,0,46,0,10,78,4,0,0,0,0,2.9,46.4
87,20949,Irv Smith Jr.,MIN,TE,13,0,0,0,0,0,8,60,5,0,0,0,0,3.5,46
88,18928,Curtis Samuel,CAR,WR,15,0,0,0,43,2,10,76,2,0,0,0,0,3.1,45.9
89,20768,Myles Gaskin,MIA,RB,10,0,0,0,102,3,6,46,1,0,0,0,0,4.5,44.8
90,20006,Russell Gage,ATL,WR,16,0,0,0,9,0,10,97,4,0,0,0,0,2.8,44.6
91,12841,Andy Dalton,DAL,QB,11,161,11,3,1,0,0,0,0,0,0,0,0,4,44.54
92,18996,Wayne Gallman,NYG,RB,15,0,0,0,40,6,4,1,0,0,0,0,0,2.9,44.1
93,20798,Darrell Henderson Jr.,LAR,RB,15,0,0,0,89,4,3,20,1,0,0,0,0,2.9,43.9
94,18877,Christian McCaffrey,CAR,RB,3,0,0,0,52,5,1,9,1,0,0,0,0,14.4,43.1
94,19853,Mike Gesicki,MIA,TE,15,0,0,0,0,0,7,61,5,0,0,0,0,2.9,43.1
94,20875,DK Metcalf,SEA,WR,16,0,0,0,0,0,8,51,5,0,0,0,0,2.7,43.1
97,20239,Gus Edwards,BAL,RB,16,0,0,0,77,6,1,2,0,0,0,1,0,2.7,42.9
98,16451,Eric Ebron,PIT,TE,15,0,0,0,0,0,9,72,4,0,0,0,0,2.8,42.2
99,21685,Justin Jefferson,MIN,WR,16,0,0,0,0,0,6,76,4,0,0,0,0,2.6,41.6
100,15965,Trey Burton,IND,TE,13,0,0,0,3,2,6,51,3,0,0,0,0,3.2,41.4
101,19120,David Moore,SEA,WR,16,0,0,0,13,0,10,58,4,0,0,0,0,2.6,41.1
102,16020,Jarvis Landry,CLE,WR,15,0,0,0,8,1,10,60,3,0,0,0,0,2.7,40.8
103,14917,Rex Burkhead,NE,RB,10,0,0,0,45,3,3,30,2,0,0,0,0,4,40.5
104,19803,Mark Andrews,BAL,TE,14,0,0,0,0,0,10,64,4,0,0,0,0,2.9,40.4
105,10974,Rob Gronkowski,TB,TE,16,0,0,0,0,0,6,35,5,0,0,0,0,2.5,39.5
106,11063,Emmanuel Sanders,NO,WR,14,0,0,0,0,0,9,64,4,0,0,0,0,2.8,39.4
107,21961,Darnell Mooney,CHI,WR,16,0,0,0,5,0,7,54,4,0,0,0,0,2.4,38.9
108,16263,Allen Robinson II,CHI,WR,16,0,0,0,0,0,8,67,4,0,0,0,0,2.4,38.7
109,21784,Zack Moss,BUF,RB,13,0,0,0,71,4,1,4,1,0,0,0,0,3,38.5
110,13870,Marvin Jones Jr.,DET,WR,16,0,0,0,0,0,9,54,4,0,0,0,0,2.4,38.4
111,21735,Gabe Davis,BUF,WR,16,0,0,0,0,0,7,70,4,0,0,0,0,2.4,38
112,21769,Clyde Edwards-Helaire,KC,RB,13,0,0,0,89,3,3,20,1,0,0,0,0,2.9,37.9
113,19562,Austin Ekeler,LAC,RB,10,0,0,0,73,1,8,45,2,0,0,0,0,3.8,37.8
114,17053,Malcolm Brown,LAR,RB,16,0,0,0,55,5,2,1,0,0,0,0,0,2.4,37.6
115,20933,Miles Sanders,PHI,RB,12,0,0,0,94,4,1,11,0,0,0,0,0,3.1,37.5
116,16866,Jamison Crowder,NYJ,WR,12,0,0,0,0,0,7,64,4,0,0,0,0,3.1,37.4
117,19705,Greg Ward,PHI,WR,16,0,0,0,0,0,7,42,4,0,0,0,0,2.3,37.2
118,19172,Zach Pascal,IND,WR,16,0,0,0,0,0,7,58,4,0,0,0,0,2.3,36.8
118,21077,Diontae Johnson,PIT,WR,15,0,0,0,9,0,7,49,4,0,0,0,0,2.5,36.8
120,13723,Nick Foles,CHI,QB,9,114,7,1,1,1,0,0,0,0,0,0,0,4.1,36.66
121,16765,Amari Cooper,DAL,WR,16,0,0,0,0,0,6,45,4,0,0,0,0,2.3,36.5
122,19815,Christian Kirk,ARI,WR,14,0,0,0,0,0,8,42,4,0,0,0,0,2.6,36.2
123,18879,Corey Davis,TEN,WR,14,0,0,0,0,0,6,59,4,0,0,0,0,2.6,35.9
124,21679,CeeDee Lamb,DAL,WR,16,0,0,0,19,1,5,28,3,0,0,0,0,2.2,35.7
125,18032,Tyler Higbee,LAR,TE,15,0,0,0,0,0,6,29,4,0,0,0,0,2.3,34.9
126,18995,Jamaal Williams,GB,RB,14,0,0,0,82,2,3,8,1,0,0,0,0,2.4,34
127,20753,Noah Fant,DEN,TE,15,0,0,0,0,0,7,69,3,0,0,0,0,2.3,33.9
128,15071,Latavius Murray,NO,RB,15,0,0,0,85,3,4,33,0,0,0,0,0,2.3,33.8
128,19920,Dalton Schultz,DAL,TE,16,0,0,0,0,0,9,68,3,0,0,0,0,2.1,33.8
130,14986,DeAndre Hopkins,ARI,WR,16,0,0,0,0,0,11,67,3,0,0,0,0,2.1,33.7
131,15100,Jordan Reed,SF,TE,10,0,0,0,0,0,5,45,4,0,0,0,0,3.4,33.5
132,19816,DJ Chark,JAX,WR,13,0,0,0,0,0,5,43,4,0,0,0,0,2.6,33.3
133,19897,Tre'Quan Smith,NO,WR,14,0,0,0,0,0,4,51,4,0,0,0,0,2.4,33.1
133,19843,Hayden Hurst,ATL,TE,16,0,0,0,0,0,6,31,4,0,0,0,0,2.1,33.1
135,20841,Daniel Jones,NYG,QB,14,164,7,3,25,0,0,0,0,0,0,0,0,2.4,33.06
136,19514,Keelan Cole,JAX,WR,16,0,0,0,0,0,5,37,4,0,0,0,0,2,32.7
136,17975,Hunter Henry,LAC,TE,14,0,0,0,0,0,6,27,4,0,0,0,0,2.3,32.7
138,17961,Sterling Shepard,NYG,WR,12,0,0,0,0,0,9,33,3,0,0,0,0,2.7,32.3
139,14141,Cole Beasley,BUF,WR,15,20,1,0,0,0,6,32,3,0,0,0,0,2.1,32
140,17986,Tyler Boyd,CIN,WR,15,0,0,0,4,0,7,60,3,0,0,0,0,2.1,31.4
141,17963,Austin Hooper,CLE,TE,13,0,0,0,0,0,5,20,4,0,0,0,0,2.4,31
142,19937,Keke Coutee,HOU,WR,8,0,0,0,0,0,8,49,3,0,0,0,0,3.9,30.9
143,16141,Willie Snead IV,BAL,WR,13,0,0,0,0,0,6,68,3,0,0,0,0,2.4,30.8
144,19043,Isaiah McKenzie,BUF,WR,16,12,1,0,-11,0,5,42,3,0,0,0,0,1.9,30.58
145,14005,T.Y. Hilton,IND,WR,15,0,0,0,0,0,6,45,3,0,0,0,0,2,30.5
146,18089,Rashard Higgins,CLE,WR,13,0,0,0,0,0,6,63,3,0,0,0,0,2.3,30.3
147,19281,Jacob Hollister,SEA,TE,16,0,0,0,0,0,6,42,3,0,0,0,0,1.9,30.2
148,20912,Tony Pollard,DAL,RB,16,0,0,0,34,2,5,34,1,0,0,0,0,1.9,29.8
148,19867,Michael Gallup,DAL,WR,16,0,0,0,0,0,8,38,3,0,0,0,0,1.9,29.8
150,21831,Jalen Hurts,PHI,QB,15,34,3,1,21,3,0,0,0,0,0,0,0,2,29.46
151,15602,Jack Doyle,IND,TE,14,0,0,0,0,0,6,54,3,0,0,0,0,2.1,29.4
152,21843,Salvon Ahmed,MIA,RB,6,0,0,0,76,3,1,5,0,0,0,0,0,4.8,29.1
153,21697,Laviska Shenault Jr.,JAX,WR,14,0,0,0,4,0,6,45,3,0,0,0,0,2.1,28.9
154,19812,Sam Darnold,NYJ,QB,12,109,5,2,3,1,0,0,0,0,0,0,0,2.4,28.66
155,20950,Benny Snell Jr.,PIT,RB,16,0,0,0,20,4,1,13,0,0,0,0,0,1.8,28.3
156,20850,Dawson Knox,BUF,TE,12,0,0,0,0,0,6,38,3,0,0,0,0,2.3,27.8
157,20145,Allen Lazard,GB,WR,10,0,0,0,0,0,6,37,3,0,0,0,0,2.8,27.7
158,19824,Kalen Ballage,LAC,RB,11,0,0,0,58,3,2,12,0,0,0,0,0,2.5,27
159,18375,Peyton Barber,WAS,RB,16,0,0,0,29,4,0,0,0,0,0,0,0,1.7,26.9
160,17916,William Fuller V,HOU,WR,11,0,0,0,0,0,4,48,3,0,0,0,0,2.4,26.8
161,21688,Cam Akers,LAR,RB,13,0,0,0,79,2,2,6,1,0,0,0,0,2,26.5
161,20988,Preston Williams,MIA,WR,8,0,0,0,0,0,3,15,3,0,0,0,0,3.3,26.5
163,19865,James Washington,PIT,WR,16,0,0,0,0,0,3,49,3,0,0,0,0,1.6,25.9
163,16056,James White,NE,RB,14,0,0,0,16,2,5,13,1,0,0,0,0,1.8,25.9
163,18882,Cooper Kupp,LAR,WR,15,0,0,0,0,0,8,59,2,0,0,0,0,1.7,25.9
166,16846,Tyler Kroft,BUF,TE,10,0,0,0,0,0,5,25,3,0,0,0,0,2.6,25.5
167,16568,Brandin Cooks,HOU,WR,15,0,0,0,0,0,7,63,2,0,0,0,0,1.7,25.3
168,18067,Jordan Howard,PHI,RB,7,0,0,0,11,4,0,0,0,0,0,0,0,3.6,25.1
169,19659,Dan Arnold,ARI,TE,16,0,0,0,0,0,5,18,3,0,0,0,0,1.6,24.8
170,18464,J.D. McKissic,WAS,RB,16,0,0,0,29,1,6,38,1,0,0,0,0,1.5,24.7
171,20795,Dwayne Haskins,WAS,QB,7,109,4,0,2,1,0,0,0,0,0,0,0,3.5,24.56
172,20762,Travis Fulgham,PHI,WR,13,0,0,0,0,0,3,31,3,0,0,0,0,1.9,24.1
172,21783,Harrison Bryant,CLE,TE,15,0,0,0,0,0,4,21,3,0,0,0,0,1.6,24.1
174,21804,DeeJay Dallas,SEA,RB,12,0,0,0,20,2,3,9,1,0,0,0,0,2,23.9
174,16781,Nelson Agholor,LV,WR,16,0,0,0,0,0,6,59,2,0,0,0,0,1.5,23.9
176,12708,Dion Lewis,NYG,RB,16,0,0,0,25,2,4,12,1,0,0,0,0,1.5,23.7
177,3061,Marcedes Lewis,GB,TE,15,0,0,0,0,0,3,24,3,0,0,0,0,1.6,23.4
177,16775,DeVante Parker,MIA,WR,14,0,0,0,0,0,4,14,3,0,0,0,0,1.7,23.4
179,6739,Alex Smith,WAS,QB,8,128,5,1,0,0,0,0,0,0,0,0,0,2.9,23.12
180,19318,Kendrick Bourne,SF,WR,15,0,0,0,0,0,8,67,1,0,0,0,0,1.5,22.7
181,19822,Kerryon Johnson,DET,RB,16,0,0,0,26,2,1,9,1,0,0,0,0,1.4,22.5
182,18931,Adam Shaheen,MIA,TE,16,0,0,0,0,0,3,14,3,0,0,0,0,1.4,22.4
183,20792,N'Keal Harry,NE,WR,14,0,0,0,0,0,6,40,2,0,0,0,0,1.6,22
184,16041,Jimmy Garoppolo,SF,QB,6,86,5,1,0,0,0,0,0,0,0,0,0,3.6,21.44
185,18912,Evan Engram,NYG,TE,16,0,0,0,5,1,5,38,1,0,0,0,0,1.3,21.3
186,18993,Samaje Perine,CIN,RB,16,0,0,0,32,2,4,18,0,0,0,0,0,1.3,21
187,16003,Sammy Watkins,KC,WR,10,0,0,0,0,0,5,36,2,0,0,0,0,2.1,20.6
188,20924,Hunter Renfrow,LV,WR,16,0,0,0,0,0,5,35,2,0,0,0,0,1.3,20.5
189,14918,Tyler Eifert,JAX,TE,15,0,0,0,0,0,5,34,2,0,0,0,0,1.4,20.4
190,15201,Mike Glennon,JAX,QB,5,59,4,0,0,0,0,0,0,0,0,0,0,4.1,20.36
191,14967,Le'Veon Bell,KC,RB,11,0,0,0,54,2,3,-2,0,0,0,0,0,1.8,20.2
191,19863,Dallas Goedert,PHI,TE,11,0,0,0,0,0,5,32,2,0,0,0,0,1.8,20.2
193,5820,Frank Gore,NYJ,RB,15,0,0,0,63,2,1,6,0,0,0,0,0,1.3,19.9
194,16920,Jesse James,DET,TE,16,0,0,0,0,0,5,28,2,0,0,0,0,1.2,19.8
195,19304,Pharaoh Brown,HOU,TE,13,0,0,0,0,0,4,36,2,0,0,0,0,1.5,19.6
196,20868,Alexander Mattison,MIN,RB,13,0,0,0,75,2,0,0,0,0,0,0,0,1.5,19.5
197,18973,C.J. Beathard,SF,QB,6,77,4,0,0,0,0,0,0,0,0,0,0,3.2,19.08
198,611,Joe Flacco,NYJ,QB,5,64,4,0,5,0,0,0,0,0,0,0,0,3.8,19.06
199,18187,Robbie Anderson,CAR,WR,16,0,0,0,0,0,7,38,1,0,0,0,0,1.2,18.8
200,20941,Devin Singletary,BUF,RB,16,0,0,0,55,1,5,22,0,0,0,0,0,1.2,18.7
201,18018,Jacoby Brissett,IND,QB,11,0,0,0,4,3,0,0,0,0,0,0,0,1.7,18.4
201,18858,Joe Mixon,CIN,RB,6,0,0,0,35,1,2,9,1,0,0,0,0,3.1,18.4
203,20788,Mecole Hardman,KC,WR,16,0,0,0,-5,0,3,18,2,0,0,0,0,1.1,18.3
204,18977,Kenny Golladay,DET,WR,5,0,0,0,0,0,3,31,2,0,0,0,0,3.6,18.1
205,21776,Joshua Kelley,LAC,RB,14,0,0,0,38,2,2,1,0,0,0,0,0,1.3,17.9
206,722,Jason Witten,LV,TE,16,0,0,0,0,0,4,16,2,0,0,0,0,1.1,17.6
207,21772,Cole Kmet,CHI,TE,16,0,0,0,-3,0,3,28,2,0,0,0,0,1.1,17.5
208,16931,Nick Boyle,BAL,TE,9,0,0,0,0,0,3,23,2,0,0,0,0,1.9,17.3
208,19943,Durham Smythe,MIA,TE,15,0,0,0,0,0,4,13,2,0,0,0,0,1.2,17.3
210,20837,Ty Johnson,NYJ,RB,13,0,0,0,23,1,1,18,1,0,0,0,0,1.3,17.1
210,16640,John Brown,BUF,WR,9,0,0,0,0,0,6,51,1,0,0,0,0,1.9,17.1
212,18935,Gerald Everett,LAR,TE,16,0,0,0,2,1,2,28,1,0,0,0,0,1.1,17
212,12845,A.J. Green,CIN,WR,16,0,0,0,0,0,3,20,2,0,0,0,0,1.1,17
214,19950,Will Dissly,SEA,TE,16,0,0,0,0,0,2,29,2,0,0,0,0,1.1,16.9
215,18123,Jeff Driskel,DEN,QB,3,49,3,0,9,0,0,0,0,0,0,0,0,5.6,16.86
216,16728,Dontrelle Inman,WAS,WR,10,0,0,0,0,0,2,28,2,0,0,0,0,1.7,16.8
217,20905,Donald Parham Jr.,LAC,TE,13,0,0,0,0,0,2,27,2,0,0,0,0,1.3,16.7
218,18876,David Njoku,CLE,TE,13,0,0,0,0,0,3,16,2,0,0,0,0,1.3,16.6
218,18900,Mo Alie-Cox,IND,TE,15,0,0,0,0,0,3,16,2,0,0,0,0,1.1,16.6
220,18118,Brandon Allen,CIN,QB,5,64,4,1,0,0,0,0,0,0,0,0,0,3.3,16.56
221,19976,Marquez Valdes-Scantling,GB,WR,16,0,0,0,8,0,2,15,2,0,0,0,0,1,16.3
222,21037,Miles Boykin,BAL,WR,16,0,0,0,0,0,3,12,2,0,0,0,0,1,16.2
223,16668,Carlos Hyde,SEA,RB,10,0,0,0,41,2,0,0,0,0,0,0,0,1.6,16.1
223,16593,Cameron Brate,TB,TE,16,0,0,0,0,0,3,11,2,0,0,0,0,1,16.1
225,20053,Kyle Allen,WAS,QB,4,32,2,0,7,1,0,0,0,0,0,0,0,4,15.98
226,18088,Alex Collins,SEA,RB,3,0,0,0,39,2,0,0,0,0,0,0,0,5.3,15.9
226,14269,Alfred Morris,NYG,RB,9,0,0,0,23,1,1,6,1,0,0,0,0,1.8,15.9
226,11270,Dez Bryant,BAL,WR,6,0,0,0,0,0,2,19,2,0,0,0,0,2.6,15.9
226,13227,Randall Cobb,HOU,WR,10,0,0,0,0,0,3,9,2,0,0,0,0,1.6,15.9
226,13291,Julio Jones,ATL,WR,9,0,0,0,0,0,5,49,1,0,0,0,0,1.8,15.9
231,20964,Darwin Thompson,KC,RB,14,0,0,0,7,1,2,11,1,0,0,0,0,1.1,15.8
232,19947,Chris Herndon,NYJ,TE,16,0,0,0,0,0,2,17,2,0,0,0,0,1,15.7
232,20820,Andy Isabella,ARI,WR,13,0,0,0,0,0,2,17,2,0,0,0,0,1.2,15.7
234,2405,Chad Henne,KC,QB,3,37,2,0,1,1,0,0,0,0,0,0,0,5.2,15.58
235,21797,La'Mical Perine,NYJ,RB,10,0,0,0,18,2,1,7,0,0,0,0,0,1.6,15.5
235,20487,Brandon Powell,ATL,WR,15,0,0,0,0,0,4,15,2,0,0,0,0,1,15.5
237,17914,Laquon Treadwell,ATL,WR,5,0,0,0,0,0,2,14,2,0,0,0,0,3.1,15.4
237,20039,Boston Scott,PHI,RB,16,0,0,0,39,0,3,25,1,0,0,0,0,1,15.4
239,15247,Darren Fells,HOU,TE,16,0,0,0,0,0,2,11,2,0,0,0,0,0.9,15.1
239,21138,Scotty Miller,TB,WR,16,0,0,0,6,0,4,45,1,0,0,0,0,0.9,15.1
239,20873,Terry McLaurin,WAS,WR,15,0,0,0,3,0,6,28,1,0,0,0,0,1,15.1
242,1658,Greg Olsen,SEA,TE,11,0,0,0,0,0,5,40,1,0,0,0,0,1.4,15
243,21675,Tyler Johnson,TB,WR,14,0,0,0,0,0,2,8,2,0,0,0,0,1.1,14.8
243,11056,Antonio Brown,TB,WR,8,0,0,0,0,0,5,38,1,0,0,0,0,1.8,14.8
243,19924,Ito Smith,ATL,RB,14,0,0,0,22,1,6,6,0,0,0,0,0,1.1,14.8
246,22310,Gabe Nabers,LAC,FB,16,0,0,0,0,0,2,6,2,0,0,0,0,0.9,14.6
247,12777,Lee Smith,BUF,TE,10,0,0,0,0,0,2,5,2,0,0,0,0,1.4,14.5
248,22205,Antonio Williams,BUF,RB,1,0,0,0,23,2,0,0,0,0,0,0,0,14.3,14.3
249,19903,Jordan Akins,HOU,TE,13,0,0,0,0,0,4,42,1,0,0,0,0,1.1,14.2
249,14856,Zach Ertz,PHI,TE,11,0,0,0,0,0,4,22,1,0,0,0,0,1.3,14.2
249,17290,Adam Humphries,TEN,WR,7,0,0,0,0,0,4,42,1,0,0,0,0,2,14.2
252,17970,Devontae Booker,LV,RB,16,0,0,0,43,1,3,6,0,0,0,0,0,0.9,13.9
252,19065,Jeremy McNichols,TEN,RB,16,0,0,0,17,1,4,22,0,0,0,0,0,0.9,13.9
252,19916,DaeSean Hamilton,DEN,WR,16,0,0,0,0,0,4,39,1,0,0,0,0,0.9,13.9
252,16838,Duke Johnson,HOU,RB,11,0,0,0,7,1,7,2,0,0,0,0,0,1.3,13.9
256,19017,Josh Reynolds,LAR,WR,16,0,0,0,5,0,4,33,1,0,0,0,0,0.9,13.8
257,20931,Drew Sample,CIN,TE,16,0,0,0,0,0,4,35,1,0,0,0,0,0.8,13.5
258,21686,Jalen Reagor,PHI,WR,11,0,0,0,0,0,4,14,1,0,0,0,0,1.2,13.4
258,20038,Braxton Berrios,NYJ,WR,16,0,0,0,0,0,5,24,1,0,0,0,0,0.8,13.4
260,15150,Cordarrelle Patterson,CHI,RB,16,0,0,0,22,1,3,21,0,0,0,0,0,0.8,13.3
261,20790,Damien Harris,NE,RB,10,0,0,0,72,1,0,0,0,0,0,0,0,1.3,13.2
262,20500,Darrel Williams,KC,RB,13,0,0,0,17,1,2,11,0,0,0,0,0,1,12.8
263,18690,Jalen Richard,LV,RB,13,0,0,0,24,1,3,13,0,0,0,0,0,1,12.7
264,21692,Jerry Jeudy,DEN,WR,16,0,0,0,0,0,2,26,1,0,0,0,0,0.8,12.6
264,5571,Larry Fitzgerald,ARI,WR,13,0,0,0,0,0,4,26,1,0,0,0,0,1,12.6
264,19296,Anthony Firkser,TEN,TE,16,0,0,0,0,0,4,26,1,0,0,0,0,0.8,12.6
267,20075,Josh Adams,NYJ,RB,8,0,0,0,4,2,0,0,0,0,0,0,0,1.6,12.4
267,11611,Golden Tate,NYG,WR,12,0,0,0,0,0,4,24,1,0,0,0,0,1,12.4
269,13878,Mohamed Sanu,DET,WR,10,0,0,0,0,0,2,23,1,0,0,0,0,1.2,12.3
269,20943,Darius Slayton,NYG,WR,16,0,0,0,-3,0,4,26,1,0,0,0,0,0.8,12.3
271,21448,Jalen Guyton,LAC,WR,16,0,0,0,0,0,3,30,1,0,0,0,0,0.8,12
272,17005,Geoff Swaim,TEN,TE,10,0,0,0,0,0,3,29,1,0,0,0,0,1.2,11.9
273,15102,Chris Thompson,JAX,RB,8,0,0,0,3,0,3,25,1,0,0,0,0,1.5,11.8
274,16491,Richard Rodgers,PHI,TE,14,0,0,0,0,0,2,37,1,0,0,0,0,0.8,11.7
275,20876,Jakobi Meyers,NE,WR,14,19,1,0,0,0,3,19,0,0,0,0,0,0.8,11.66
276,13337,Mark Ingram II,BAL,RB,11,0,0,0,40,1,1,4,0,0,0,0,0,1,11.4
276,21960,Freddie Swain,SEA,WR,16,0,0,0,0,0,3,24,1,0,0,0,0,0.7,11.4
278,20582,Chad Beebe,MIN,WR,14,0,0,0,0,0,3,21,1,0,0,0,0,0.8,11.1
279,19979,Jordan Wilkins,IND,RB,15,0,0,0,15,1,1,4,0,0,0,0,0,0.7,10.9
279,20150,Byron Pringle,KC,WR,13,0,0,0,0,0,3,19,1,0,0,0,0,0.8,10.9
279,21786,Adam Trautman,NO,TE,15,0,0,0,0,0,3,19,1,0,0,0,0,0.7,10.9
282,16816,Maxx Williams,ARI,TE,9,0,0,0,0,0,3,18,1,0,0,0,0,1.2,10.8
282,17960,Michael Thomas,NO,WR,7,0,0,0,0,0,7,38,0,0,0,0,0,1.5,10.8
284,19828,Sony Michel,NE,RB,9,0,0,0,47,1,0,0,0,0,0,0,0,1.2,10.7
285,20952,Jace Sternberger,GB,TE,12,0,0,0,0,0,3,16,1,0,0,0,0,0.9,10.6
285,21163,Deonte Harty,NO,WR,9,0,0,0,2,0,3,14,1,0,0,0,0,1.2,10.6
287,20932,Deebo Samuel,SF,WR,7,0,0,0,4,0,2,20,1,0,0,0,0,1.5,10.4
287,18047,Demarcus Robinson,KC,WR,16,0,0,0,0,0,3,14,1,0,0,0,0,0.6,10.4
287,16389,Odell Beckham Jr.,CLE,WR,7,0,0,0,0,0,3,14,1,0,0,0,0,1.5,10.4
287,16524,Devonta Freeman,NYG,RB,5,0,0,0,11,1,3,3,0,0,0,0,0,2.1,10.4
291,19973,Troy Fumagalli,DEN,TE,8,0,0,0,0,0,3,13,1,0,0,0,0,1.3,10.3
292,20013,Cedrick Wilson Jr.,DAL,WR,16,11,1,0,0,0,4,18,0,0,0,0,0,0.6,10.24
293,18926,Zay Jones,LV,WR,16,0,0,0,0,0,2,21,1,0,0,0,0,0.6,10.1
294,21814,Jake Luton,JAX,QB,3,18,1,1,13,1,0,0,0,0,0,0,0,3.3,10.02
295,18652,C.J. Ham,MIN,FB,15,0,0,0,18,0,1,12,1,0,0,0,0,0.7,10
295,18914,Mike Williams,LAC,WR,15,0,0,0,0,0,2,20,1,0,0,0,0,0.7,10
295,21400,Steven Sims,WAS,WR,12,0,0,0,0,0,2,20,1,0,0,0,0,0.8,10
295,21794,Albert Okwuegbunam,DEN,TE,4,0,0,0,0,0,2,20,1,0,0,0,0,2.5,10
299,20361,Ross Dwelley,SF,TE,16,0,0,0,0,0,2,17,1,0,0,0,0,0.6,9.7
299,18019,Nick Vannett,DEN,TE,15,0,0,0,0,0,2,17,1,0,0,0,0,0.6,9.7
299,18103,Jakeem Grant Sr.,MIA,WR,14,0,0,0,0,0,3,7,1,0,0,0,0,0.7,9.7
302,19063,George Kittle,SF,TE,8,0,0,0,9,0,2,7,1,0,0,0,0,1.2,9.6
303,21730,Collin Johnson,JAX,WR,14,0,0,0,0,0,1,4,1,0,0,0,0,0.7,9.4
303,16815,Ameer Abdullah,MIN,RB,16,0,0,0,4,0,2,10,1,0,0,0,0,0.6,9.4
305,19910,Ian Thomas,CAR,TE,16,0,0,0,0,0,2,13,1,0,0,0,0,0.6,9.3
305,21744,Michael Pittman Jr.,IND,WR,13,0,0,0,2,0,5,41,0,0,0,0,0,0.7,9.3
307,17217,Raheem Mostert,SF,RB,8,0,0,0,32,1,0,0,0,0,0,0,0,1.2,9.2
307,16837,Chris Conley,JAX,WR,15,0,0,0,0,0,2,12,1,0,0,0,0,0.6,9.2
307,18901,O.J. Howard,TB,TE,4,0,0,0,0,0,2,12,1,0,0,0,0,2.3,9.2
310,21788,Ke'Shawn Vaughn,TB,RB,10,0,0,0,12,0,1,9,1,0,0,0,0,0.9,9.1
310,21802,AJ Dillon,GB,RB,11,0,0,0,16,1,1,5,0,0,0,0,0,0.8,9.1
312,19988,Tyler Conklin,MIN,TE,16,0,0,0,0,0,1,20,1,0,0,0,0,0.6,9
312,21729,Quintez Cephus,DET,WR,13,0,0,0,0,0,1,20,1,0,0,0,0,0.7,9
314,13275,Kyle Rudolph,MIN,TE,12,0,0,0,0,0,2,9,1,0,0,0,0,0.7,8.9
315,21845,Darrynton Evans,TEN,RB,5,0,0,0,15,0,1,3,1,0,0,0,0,1.8,8.8
315,20106,Ryan Nall,CHI,RB,16,0,0,0,0,0,2,8,1,0,0,0,0,0.6,8.8
317,20372,Cameron Batson,TEN,WR,12,0,0,0,9,0,1,8,1,0,0,0,0,0.7,8.7
317,20816,Lil'Jordan Humphrey,NO,WR,3,0,0,0,0,0,1,17,1,0,0,0,0,2.9,8.7
317,19844,DJ Moore,CAR,WR,15,0,0,0,0,0,2,7,1,0,0,0,0,0.6,8.7
320,9906,Danny Amendola,DET,WR,14,0,0,0,0,0,4,46,0,0,0,0,0,0.6,8.6
321,21775,Rodney Smith,CAR,RB,7,0,0,0,25,1,0,0,0,0,0,0,0,1.2,8.5
321,14187,Alshon Jeffery,PHI,WR,7,0,0,0,0,0,1,15,1,0,0,0,0,1.2,8.5
321,16787,Breshad Perriman,NYJ,WR,12,0,0,0,0,0,1,15,1,0,0,0,0,0.7,8.5
321,20819,Alec Ingold,LV,FB,16,0,0,0,2,0,2,3,1,0,0,0,0,0.5,8.5
321,19209,Patrick Ricard,BAL,FB,15,0,0,0,-5,0,4,10,1,0,0,0,0,0.6,8.5
326,22477,Dominique Dafney,GB,TE,5,0,0,0,0,0,1,13,1,0,0,0,0,1.7,8.3
327,20838,Tyron Johnson,LAC,WR,12,0,0,0,0,0,1,12,1,0,0,0,0,0.7,8.2
327,21759,KJ Hamler,DEN,WR,13,0,0,0,0,0,2,2,1,0,0,0,0,0.6,8.2
329,19023,Mack Hollins,MIA,WR,16,0,0,0,0,0,1,11,1,0,0,0,0,0.5,8.1
329,21782,Jonathan Ward,ARI,RB,14,0,0,0,0,0,1,11,1,0,0,0,0,0.6,8.1
329,19276,Austin Carr,NO,WR,6,0,0,0,0,0,1,11,1,0,0,0,0,1.4,8.1
329,21100,Jakob Johnson,NE,FB,16,0,0,0,0,0,2,1,1,0,0,0,0,0.5,8.1
333,18957,D'Onta Foreman,TEN,RB,6,0,0,0,3,0,1,5,1,0,0,0,0,1.3,7.8
334,19542,Colin Thompson,CAR,TE,15,0,0,0,0,0,1,7,1,0,0,0,0,0.5,7.7
334,21739,Van Jefferson,LAR,WR,16,0,0,0,0,0,1,7,1,0,0,0,0,0.5,7.7
336,19548,Corey Clement,PHI,RB,15,0,0,0,16,1,0,0,0,0,0,0,0,0.5,7.6
336,20103,Reggie Bonnafon,CAR,RB,2,0,0,0,3,0,1,3,1,0,0,0,0,3.8,7.6
338,13418,Anthony Sherman,KC,FB,13,0,0,0,0,0,1,5,1,0,0,0,0,0.6,7.5
339,18445,Mike Thomas,CIN,WR,14,0,0,0,0,0,1,4,1,0,0,0,0,0.5,7.4
339,20810,Travis Homer,SEA,RB,9,0,0,0,1,0,1,3,1,0,0,0,0,0.8,7.4
341,16763,Marcus Mariota,LV,QB,1,7,0,0,11,1,0,0,0,0,0,0,0,7.4,7.38
342,20159,Mike Boone,MIN,RB,16,0,0,0,13,1,0,0,0,0,0,0,0,0.5,7.3
342,15866,Josh Hill,NO,TE,14,0,0,0,0,0,1,3,1,0,0,0,0,0.5,7.3
342,17965,C.J. Prosise,HOU,RB,10,0,0,0,1,0,1,2,1,0,0,0,0,0.7,7.3
342,20020,Jordan Thomas,NE,TE,6,0,0,0,0,0,1,3,1,0,0,0,0,1.2,7.3
342,19415,Jason Croom,PHI,TE,4,0,0,0,0,0,1,3,1,0,0,0,0,1.8,7.3
347,20011,Javon Wims,CHI,WR,13,0,0,0,0,0,1,1,1,0,0,0,0,0.5,7.1
347,20884,Foster Moreau,LV,TE,16,0,0,0,0,0,1,1,1,0,0,0,0,0.4,7.1
347,21169,Malik Taylor,GB,WR,15,0,0,0,0,0,1,1,1,0,0,0,0,0.5,7.1
347,22206,Reggie Gilliam,BUF,FB,14,0,0,0,0,0,1,1,1,0,0,0,0,0.5,7.1
347,16903,MyCole Pruitt,TEN,TE,11,0,0,0,0,0,1,1,1,0,0,0,0,0.6,7.1
352,21718,Joe Reed,LAC,WR,11,0,0,0,7,1,0,0,0,0,0,0,0,0.6,6.7
353,19098,Isaiah Ford,MIA,WR,10,0,0,0,0,0,4,26,0,0,0,0,0,0.7,6.6
354,21765,JaMycal Hasty,SF,RB,8,0,0,0,3,1,0,0,0,0,0,0,0,0.8,6.3
354,21848,Artavis Pierce,CHI,RB,5,0,0,0,3,1,0,0,0,0,0,0,0,1.3,6.3
356,19823,Royce Freeman,DEN,RB,16,0,0,0,4,0,4,18,0,0,0,0,0,0.4,6.2
357,20077,Richie James,SF,WR,10,0,0,0,0,0,4,20,0,0,0,0,0,0.6,6
358,20679,KhaDarel Hodge,CLE,WR,9,0,0,0,0,0,3,29,0,0,0,0,0,0.7,5.9
359,20064,Justin Jackson,LAC,RB,9,0,0,0,21,0,1,3,0,0,0,0,0,0.6,5.4
360,21755,Isaiah Wright,WAS,WR,14,0,0,0,0,0,3,22,0,0,0,0,0,0.4,5.2
361,9902,Chase Daniel,DET,QB,4,18,1,0,0,0,0,0,0,0,0,0,0,1.2,4.72
362,21741,Denzel Mims,NYJ,WR,9,0,0,0,0,0,1,17,0,0,0,0,0,0.5,4.7
363,11047,Colt McCoy,NYG,QB,4,-2,1,1,7,0,0,0,0,0,0,0,0,1.2,4.62
364,21866,Chris Streveler,ARI,QB,4,14,1,0,0,0,0,0,0,0,0,0,0,1.1,4.56
365,19319,Matt Breida,MIA,RB,12,0,0,0,44,0,0,0,0,0,0,0,0,0.4,4.4
365,11932,LeSean McCoy,TB,RB,10,0,0,0,0,0,3,14,0,0,0,0,0,0.4,4.4
367,20759,Ryan Finley,CIN,QB,5,33,1,1,8,0,0,0,0,0,0,0,0,0.8,4.12
367,19850,Mason Rudolph,PIT,QB,5,3,1,0,0,0,0,0,0,0,0,0,0,0.8,4.12
369,21278,Stephen Carlson,CLE,TE,16,0,0,0,0,0,1,11,0,0,0,0,0,0.3,4.1
370,20954,Jarrett Stidham,NE,QB,5,4,1,0,-2,0,0,0,0,0,0,0,0,0.8,3.96
371,16933,James O'Shaughnessy,JAX,TE,15,0,0,0,0,0,2,19,0,0,0,0,0,0.3,3.9
372,19072,Alex Armah,CAR,FB,16,0,0,0,3,0,2,14,0,0,0,0,0,0.2,3.7
373,20128,Phillip Lindsay,DEN,RB,11,0,0,0,15,0,1,11,0,0,0,0,0,0.3,3.6
373,21750,Marquez Callaway,NO,WR,11,0,0,0,0,0,2,16,0,0,0,0,0,0.3,3.6
375,19080,Noah Brown,DAL,WR,16,0,0,0,0,0,2,15,0,0,0,0,0,0.2,3.5
376,16878,Blake Bell,DAL,TE,16,0,0,0,2,0,2,12,0,0,0,0,0,0.2,3.4
376,20067,Steven Mitchell Jr.,HOU,WR,6,0,0,0,0,0,2,14,0,0,0,0,0,0.6,3.4
378,19033,Brian Hill,ATL,RB,16,0,0,0,19,0,1,4,0,0,0,0,0,0.2,3.3
378,20802,Justice Hill,BAL,RB,12,0,0,0,6,0,2,7,0,0,0,0,0,0.3,3.3
380,18041,Tyler Ervin,GB,RB,8,0,0,0,18,0,1,3,0,0,0,0,0,0.4,3.1
380,20529,Cam Sims,WAS,WR,16,0,0,0,0,0,2,11,0,0,0,0,0,0.2,3.1
380,19755,River Cracraft,SF,WR,9,0,0,0,0,0,2,11,0,0,0,0,0,0.3,3.1
383,16834,Tevin Coleman,SF,RB,8,0,0,0,0,0,2,10,0,0,0,0,0,0.4,3
383,19044,Jamal Agnew,DET,WR,14,0,0,0,0,0,2,10,0,0,0,0,0,0.2,3
383,18764,Troymaine Pope,LAC,RB,6,0,0,0,0,0,2,10,0,0,0,0,0,0.5,3
386,18061,DeAndre Washington,MIA,RB,4,0,0,0,17,0,1,2,0,0,0,0,0,0.7,2.9
387,16621,Garrett Gilbert,DAL,QB,1,21,1,1,0,0,0,0,0,0,0,0,0,2.8,2.84
388,21731,John Hightower,PHI,WR,13,0,0,0,0,0,1,-2,0,0,0,0,0,0.2,2.8
388,22119,Charlie Woerner,SF,TE,14,0,0,0,0,0,1,18,0,0,0,0,0,0.2,2.8
388,19766,Saquon Barkley,NYG,RB,2,0,0,0,10,0,1,8,0,0,0,0,0,1.4,2.8
391,21721,Devin Duvernay,BAL,WR,16,0,0,0,0,0,2,7,0,0,0,0,0,0.2,2.7
392,19864,Anthony Miller,CHI,WR,16,0,0,0,0,0,2,6,0,0,0,0,0,0.2,2.6
393,20929,Brett Rypien,DEN,QB,3,17,1,1,-1,0,0,0,0,0,0,0,0,0.9,2.58
394,15239,Vance McDonald,PIT,TE,14,0,0,0,0,0,2,5,0,0,0,0,0,0.2,2.5
395,20946,Kaden Smith,NYG,TE,15,0,0,0,0,0,2,3,0,0,0,0,0,0.2,2.3
396,20506,Tanner Hudson,TB,TE,11,0,0,0,0,0,1,12,0,0,0,0,0,0.2,2.2
397,20742,J.J. Arcega-Whiteside,PHI,WR,8,0,0,0,0,0,0,0,0,0,0,0,0,0.2,2
397,20836,Bisi Johnson,MIN,WR,8,0,0,0,0,0,0,0,0,0,0,0,0,0.2,2
397,21754,Donovan Peoples-Jones,CLE,WR,12,0,0,0,0,0,0,0,0,0,0,0,0,0.2,2
397,22284,Ben Ellefson,JAX,TE,7,0,0,0,0,0,0,0,0,0,0,0,0,0.3,2
397,21734,Nick Westbrook-Ikhine,TEN,WR,13,0,0,0,0,0,0,0,0,0,0,0,0,0.2,2
397,19003,Tarik Cohen,CHI,RB,3,0,0,0,5,0,2,-5,0,0,0,0,0,0.7,2
403,21211,Patrick Laird,MIA,RB,16,0,0,0,5,0,1,4,0,0,0,0,0,0.1,1.9
403,15126,Theo Riddick,LV,RB,4,0,0,0,2,0,1,7,0,0,0,0,0,0.5,1.9
405,17218,DeAndre Carter,CHI,WR,13,0,0,0,0,0,1,8,0,0,0,0,0,0.1,1.8
405,17141,Damiere Byrd,NE,WR,16,0,0,0,0,0,1,8,0,0,0,0,0,0.1,1.8
405,21862,Austin Mack,NYG,WR,11,0,0,0,0,0,1,8,0,0,0,0,0,0.2,1.8
408,21856,Scottie Phillips,HOU,RB,8,0,0,0,0,0,1,7,0,0,0,0,0,0.2,1.7
408,16378,Keith Smith,ATL,FB,16,0,0,0,3,0,1,4,0,0,0,0,0,0.1,1.7
408,20835,KeeSean Johnson,ARI,WR,8,0,0,0,0,0,1,7,0,0,0,0,0,0.2,1.7
411,20332,Deon Yelder,KC,TE,14,0,0,0,0,0,1,6,0,0,0,0,0,0.1,1.6
411,8355,Julian Edelman,NE,WR,6,0,0,0,0,0,1,6,0,0,0,0,0,0.3,1.6
411,15305,Demetrius Harris,CHI,TE,15,0,0,0,0,0,1,6,0,0,0,0,0,0.1,1.6
411,16917,C.J. Uzomah,CIN,TE,2,0,0,0,0,0,1,6,0,0,0,0,0,0.8,1.6
411,19165,Johnny Mundt,LAR,TE,16,0,0,0,0,0,1,6,0,0,0,0,0,0.1,1.6
411,21807,Colby Parkinson,SEA,TE,6,0,0,0,0,0,1,6,0,0,0,0,0,0.3,1.6
411,15215,Tavon Austin,GB,WR,4,0,0,0,0,0,1,6,0,0,0,0,0,0.4,1.6
418,16928,Michael Burton,NO,FB,15,0,0,0,1,0,1,4,0,0,0,0,0,0.1,1.5
418,19779,Brandon Zylstra,CAR,WR,16,0,0,0,1,0,1,4,0,0,0,0,0,0.1,1.5
418,20925,Riley Ridley,CHI,WR,5,0,0,0,0,0,1,5,0,0,0,0,0,0.3,1.5
418,20977,Trevon Wesco,NYJ,TE,12,0,0,0,0,0,1,5,0,0,0,0,0,0.1,1.5
418,21593,D'Ernest Johnson,CLE,RB,16,0,0,0,0,0,1,5,0,0,0,0,0,0.1,1.5
418,21957,Quez Watkins,PHI,WR,6,0,0,0,0,0,1,5,0,0,0,0,0,0.2,1.5
424,19191,PJ Walker,CAR,QB,4,30,1,2,2,0,0,0,0,0,0,0,0,0.4,1.4
424,18992,Dede Westbrook,JAX,WR,2,0,0,0,0,0,1,4,0,0,0,0,0,0.7,1.4
424,18209,Marcus Johnson,IND,WR,11,0,0,0,0,0,1,4,0,0,0,0,0,0.1,1.4
424,20904,Devine Ozigbo,JAX,RB,8,0,0,0,0,0,1,4,0,0,0,0,0,0.2,1.4
428,21837,J.J. Taylor,NE,RB,6,0,0,0,13,0,0,0,0,0,0,0,0,0.2,1.3
428,20566,Dontrell Hilliard,HOU,RB,7,0,0,0,13,0,0,0,0,0,0,0,0,0.2,1.3
428,20081,Trent Sherfield,ARI,WR,15,0,0,0,0,0,1,3,0,0,0,0,1,0.1,1.3
431,11565,Andre Roberts,BUF,WR,15,0,0,0,0,0,1,2,0,0,0,0,0,0.1,1.2
431,19064,Trent Taylor,SF,WR,12,0,0,0,0,0,1,2,0,0,0,0,0,0.1,1.2
431,20174,Marcus Baugh,WAS,TE,8,0,0,0,0,0,1,2,0,0,0,0,0,0.2,1.2
434,14257,Robert Griffin III,BAL,QB,4,0,0,0,11,0,0,0,0,0,0,0,0,0.3,1.1
434,19626,Dare Ogunbowale,JAX,RB,14,0,0,0,11,0,0,0,0,0,0,0,0,0.1,1.1
434,19219,Cethan Carter,CIN,TE,15,0,0,0,0,0,1,1,0,0,0,0,0,0.1,1.1
434,22276,DeMichael Harris,IND,WR,7,0,0,0,0,0,1,1,0,0,0,0,0,0.2,1.1
438,16762,Jameis Winston,NO,QB,4,18,0,0,3,0,0,0,0,0,0,0,0,0.3,1.02
439,18997,Jake Butt,DEN,TE,5,0,0,0,0,0,1,0,0,0,0,0,0,0.2,1
440,20224,Christian Blake,ATL,WR,16,0,0,0,0,0,1,-1,0,0,0,0,0,0.1,0.9
440,19961,Ray-Ray McCloud III,PIT,WR,16,0,0,0,-1,0,1,0,0,0,0,0,0,0.1,0.9
442,19996,Jaylen Samuels,PIT,RB,14,0,0,0,8,0,0,0,0,0,0,0,0,0.1,0.8
443,21962,Malcolm Perry,MIA,RB,9,0,0,0,6,0,0,0,0,0,0,0,0,0.1,0.6
443,21854,Anthony McFarland Jr.,PIT,RB,11,0,0,0,6,0,0,0,0,0,0,0,0,0.1,0.6
445,20703,John Wolford,LAR,QB,1,12,0,0,0,0,0,0,0,0,0,0,0,0.5,0.48
446,14855,Matt Barkley,BUF,QB,5,11,0,0,0,0,0,0,0,0,0,0,0,0.1,0.44
447,16232,Donte Moncrief,NE,WR,6,0,0,0,4,0,0,0,0,0,0,0,0,0.1,0.4
448,17179,Taylor Heinicke,WAS,QB,1,9,0,0,0,0,0,0,0,0,0,0,0,0.4,0.36
449,20318,Buddy Howell,HOU,RB,14,0,0,0,2,0,0,0,0,0,0,0,0,0,0.2
449,18093,Andy Janovich,CLE,FB,14,0,0,0,2,0,0,0,0,0,0,0,0,0,0.2
449,21952,Rico Dowdle,DAL,RB,15,0,0,0,2,0,0,0,0,0,0,0,0,0,0.2
452,16797,T.J. Yeldon,BUF,RB,3,0,0,0,1,0,0,0,0,0,0,0,0,0,0.1
452,21601,Gunner Olszewski,NE,WR,13,0,0,0,1,0,0,0,0,0,0,0,0,0,0.1
452,19799,Rashaad Penny,SEA,RB,3,0,0,0,1,0,0,0,0,0,0,0,0,0,0.1
455,19025,Joshua Dobbs,PIT,QB,1,2,0,0,0,0,0,0,0,0,0,0,0,0.1,0.08
456,14895,Geno Smith,SEA,QB,1,6,0,0,-2,0,0,0,0,0,0,0,0,0,0.04
457,15196,Kenny Stills,HOU,WR,10,0,0,0,0,0,0,0,0,0,0,0,0,0,0
457,16116,AJ McCarron,HOU,QB,2,0,0,0,0,0,0,0,0,0,0,0,0,0,0
457,19361,Marcus Kemp,MIA,WR,10,0,0,0,0,0,0,0,0,0,0,0,0,0,0
457,19410,Ricky Seals-Jones,KC,TE,2,0,0,0,0,0,0,0,0,0,0,0,0,0,0
457,20563,Nick Keizer,KC,TE,16,0,0,0,0,0,0,0,0,0,0,0,0,0,0
457,20974,Kahale Warring,HOU,TE,7,0,0,0,0,0,0,0,0,0,0,0,0,0,0
457,21126,Cullen Gillaspia,HOU,FB,7,0,0,0,0,0,0,0,0,0,0,0,0,0,0
457,3943,DeSean Jackson,PHI,WR,5,0,0,0,0,0,0,0,0,0,0,0,0,0,0
457,4633,Matt Schaub,ATL,QB,1,0,0,0,0,0,0,0,0,0,0,0,0,0,0
457,7651,Matthew Slater,NE,WR,16,0,0,0,0,0,0,0,0,0,0,0,0,0,0
457,12109,Ted Ginn Jr.,CHI,WR,6,0,0,0,0,0,0,0,0,0,0,0,0,0,0
457,12787,Nick Bellore,SEA,LB,16,0,0,0,0,0,0,0,0,0,0,0,0,0,0
457,12831,Tyrod Taylor,LAC,QB,2,0,0,0,0,0,0,0,0,0,0,0,0,0,0
457,12982,Blaine Gabbert,TB,QB,4,0,0,0,0,0,0,0,0,0,0,0,0,0,0
457,13016,Virgil Green,LAC,TE,6,0,0,0,0,0,0,0,0,0,0,0,0,0,0
457,13063,Taiwan Jones,BUF,RB,13,0,0,0,0,0,0,0,0,0,0,0,0,0,0
457,13370,Luke Stocker,ATL,TE,16,0,0,0,0,0,0,0,0,0,0,0,0,0,0
457,13446,Bruce Miller,JAX,FB,8,0,0,0,0,0,0,0,0,0,0,0,0,0,0
457,14828,Chris Hogan,NYJ,WR,5,0,0,0,0,0,0,0,0,0,0,0,0,0,0
457,14985,Ryan Griffin,NYJ,TE,15,0,0,0,0,0,0,0,0,0,0,0,0,0,0
457,15263,Luke Willson,BAL,TE,8,0,0,0,0,0,0,0,0,0,0,0,0,0,0
457,15640,Derek Carrier,LV,TE,16,0,0,0,0,0,0,0,0,0,0,0,0,0,0
457,15694,Case Keenum,CLE,QB,2,0,0,0,0,0,0,0,0,0,0,0,0,0,0
457,16276,Bennie Fowler,NO,WR,5,0,0,0,0,0,0,0,0,0,0,0,0,0,0
457,16326,Seth Roberts,CAR,WR,7,0,0,0,0,0,0,0,0,0,0,0,0,0,0
457,17219,Daniel Brown,NYJ,TE,16,0,0,0,0,0,0,0,0,0,0,0,0,0,0
457,17762,Chris Manhertz,CAR,TE,16,0,0,0,0,0,0,0,0,0,0,0,0,0,0
457,18030,Chris Moore,BAL,WR,3,0,0,0,0,0,0,0,0,0,0,0,0,0,0
457,18039,Pharoh Cooper,CAR,WR,16,0,0,0,0,0,0,0,0,0,0,0,0,0,0
457,18058,Tajae Sharpe,MIN,WR,4,0,0,0,0,0,0,0,0,0,0,0,0,0,0
457,18073,Jonathan Williams,DET,RB,5,0,0,0,0,0,0,0,0,0,0,0,0,0,0
457,18104,Nate Sudfeld,PHI,QB,1,0,0,0,0,0,0,0,0,0,0,0,0,0,0
457,18152,Dwayne Washington,NO,RB,11,0,0,0,0,0,0,0,0,0,0,0,0,0,0
457,18253,D.J. Foster,ARI,RB,10,0,0,0,0,0,0,0,0,0,0,0,0,0,0
457,18262,Stephen Anderson,LAC,TE,16,0,0,0,0,0,0,0,0,0,0,0,0,0,0
457,18498,J.P. Holtz,CHI,TE,16,0,0,0,0,0,0,0,0,0,0,0,0,0,0
457,18673,Jaydon Mickens,TB,WR,10,0,0,0,0,0,0,0,0,0,0,0,0,0,0
457,18717,Marvin Hall,CLE,WR,12,0,0,0,0,0,0,0,0,0,0,0,0,0,0
457,18881,John Ross,CIN,WR,3,0,0,0,0,0,0,0,0,0,0,0,0,0,0
457,18896,Cyril Grayson Jr.,TB,WR,3,0,0,0,0,0,0,0,0,0,0,0,0,0,0
457,18998,Marlon Mack,IND,RB,1,0,0,0,0,0,0,0,0,0,0,0,0,0,0
457,19006,Josh Malone,NYJ,WR,4,0,0,0,0,0,0,0,0,0,0,0,0,0,0
457,19029,Nathan Peterman,LV,QB,1,0,0,0,0,0,0,0,0,0,0,0,0,0,0
457,19035,Eric Saubert,JAX,TE,8,0,0,0,0,0,0,0,0,0,0,0,0,0,0
457,19067,Jeremy Sprinkle,WAS,TE,16,0,0,0,0,0,0,0,0,0,0,0,0,0,0
457,19176,Darrell Daniels,ARI,TE,12,0,0,0,0,0,0,0,0,0,0,0,0,0,0
457,19184,JoJo Natson,CLE,WR,3,0,0,0,0,0,0,0,0,0,0,0,0,0,0
457,19335,Antony Auclair,TB,TE,8,0,0,0,0,0,0,0,0,0,0,0,0,0,0
457,19457,Blake Jarwin,DAL,TE,1,0,0,0,0,0,0,0,0,0,0,0,0,0,0
457,19854,Dante Pettis,NYG,WR,7,0,0,0,0,0,0,0,0,0,0,0,0,0,0
457,19922,Justin Watson,TB,WR,11,0,0,0,0,0,0,0,0,0,0,0,0,0,0
457,20040,Trenton Cannon,CAR,RB,14,0,0,0,0,0,0,0,0,0,0,0,0,0,0
457,20057,Auden Tate,CIN,WR,9,0,0,0,0,0,0,0,0,0,0,0,0,0,0
457,20069,Ryan Izzo,NE,TE,12,0,0,0,0,0,0,0,0,0,0,0,0,0,0
457,20194,Rico Gafford,LV,CB,3,0,0,0,0,0,0,0,0,0,0,0,0,0,0
457,20283,Tim Boyle,GB,QB,8,0,0,0,0,0,0,0,0,0,0,0,0,0,0
457,20398,Equanimeous St. Brown,GB,WR,9,0,0,0,0,0,0,0,0,0,0,0,0,0,0
457,20662,Jaeden Graham,ATL,TE,16,0,0,0,0,0,0,0,0,0,0,0,0,0,0
457,20684,Malik Turner,DAL,WR,6,0,0,0,0,0,0,0,0,0,0,0,0,0,0
457,20793,Penny Hart,SEA,WR,13,0,0,0,0,0,0,0,0,0,0,0,0,0,0
457,20874,Trace McSorley,BAL,QB,2,0,0,0,0,0,0,0,0,0,0,0,0,0,0
457,20900,Qadree Ollison,ATL,RB,3,0,0,0,0,0,0,0,0,0,0,0,0,0,0
457,20953,Easton Stick,LAC,QB,1,0,0,0,0,0,0,0,0,0,0,0,0,0,0
457,21005,Parris Campbell,IND,WR,2,0,0,0,0,0,0,0,0,0,0,0,0,0,0
457,21132,Chandler Cox,MIA,FB,8,0,0,0,0,0,0,0,0,0,0,0,0,0,0
457,21142,Olamide Zaccheaus,ATL,WR,11,0,0,0,0,0,0,0,0,0,0,0,0,0,0
457,21156,John Lovett,GB,FB,8,0,0,0,0,0,0,0,0,0,0,0,0,0,0
457,21178,Jason Moore Jr.,LAC,WR,2,0,0,0,0,0,0,0,0,0,0,0,0,0,0
457,21295,Nsimba Webster,LAR,WR,16,0,0,0,0,0,0,0,0,0,0,0,0,0,0
457,21349,Ashton Dulin,IND,WR,13,0,0,0,0,0,0,0,0,0,0,0,0,0,0
457,21678,Brycen Hopkins,LAR,TE,5,0,0,0,0,0,0,0,0,0,0,0,0,0,0
457,21683,Hunter Bryant,DET,TE,5,0,0,0,0,0,0,0,0,0,0,0,0,0,0
457,21694,Henry Ruggs III,LV,WR,13,0,0,0,0,0,0,0,0,0,0,0,0,0,0
457,21714,K.J. Osborn,MIN,WR,9,0,0,0,0,0,0,0,0,0,0,0,0,0,0
457,21723,James Proche II,BAL,WR,14,0,0,0,0,0,0,0,0,0,0,0,0,0,0
457,21736,Bryan Edwards,LV,WR,12,0,0,0,0,0,0,0,0,0,0,0,0,0,0
457,21742,Antonio Gandy-Golden,WAS,TE,6,0,0,0,0,0,0,0,0,0,0,0,0,0,0
457,21743,Lynn Bowden Jr.,MIA,WR,10,0,0,0,0,0,0,0,0,0,0,0,0,0,0
457,21758,KJ Hill Jr.,LAC,WR,15,0,0,0,0,0,0,0,0,0,0,0,0,0,0
457,21764,Jason Huntley,PHI,RB,5,0,0,0,0,0,0,0,0,0,0,0,0,0,0
457,21771,Devin Asiasi,NE,TE,9,0,0,0,0,0,0,0,0,0,0,0,0,0,0
457,21781,Sean McKeon,DAL,TE,14,0,0,0,0,0,0,0,0,0,0,0,0,0,0
457,21796,Noah Togiai,IND,TE,4,0,0,0,0,0,0,0,0,0,0,0,0,0,0
457,21798,Josiah Deguara,GB,TE,2,0,0,0,0,0,0,0,0,0,0,0,0,0,0
457,21808,Dalton Keene,NE,TE,6,0,0,0,0,0,0,0,0,0,0,0,0,0,0
457,21839,Xavier Jones,LAR,RB,13,0,0,0,0,0,0,0,0,0,0,0,0,0,0
457,21855,Raymond Calais,LAR,RB,4,0,0,0,0,0,0,0,0,0,0,0,0,0,0
457,21959,Dezmon Patmon,IND,WR,1,0,0,0,0,0,0,0,0,0,0,0,0,0,0
457,22138,Tyler Davis,JAX,TE,8,0,0,0,0,0,0,0,0,0,0,0,0,0,0
457,22345,Dan Chisena,MIN,WR,14,0,0,0,0,0,0,0,0,0,0,0,0,0,0
457,22441,Nathan Cottrell,JAX,RB,8,0,0,0,0,0,0,0,0,0,0,0,0,0,0
457,15378,Levine Toilolo,NYG,TE,16,0,0,0,0,0,0,0,0,0,0,0,0,0,0
457,16441,Senorise Perry,TEN,RB,7,0,0,0,0,0,0,0,0,0,0,0,0,0,0
457,17223,Eric Tomlinson,BAL,TE,7,0,0,0,0,0,0,0,0,0,0,0,0,0,0
457,18115,Derek Watt,PIT,FB,12,0,0,0,0,0,0,0,0,0,0,0,0,0,0
457,18617,Elijhaa Penny,NYG,RB,14,0,0,0,0,0,0,0,0,0,0,0,0,0,0
457,19200,C.J. Board,NYG,WR,14,0,0,0,0,0,0,0,0,0,0,0,0,0,0
457,19280,Cody Hollister,TEN,WR,2,0,0,0,0,0,0,0,0,0,0,0,0,0,0
457,19800,Courtland Sutton,DEN,WR,1,0,0,0,0,0,0,0,0,0,0,0,0,0,0
457,19969,Damion Ratley,HOU,WR,5,0,0,0,0,0,0,0,0,0,0,0,0,0,0
457,20722,Diontae Spencer,DEN,WR,11,0,0,0,0,0,0,0,0,0,0,0,0,0,0
457,20770,Zach Gentry,PIT,TE,2,0,0,0,0,0,0,0,0,0,0,0,0,0,0
457,21227,Andrew Beck,DEN,TE,10,0,0,0,0,0,0,0,0,0,0,0,0,0,0
457,21310,Khari Blasingame,TEN,FB,15,0,0,0,0,0,0,0,0,0,0,0,0,0,0
457,21737,Tyrie Cleveland,DEN,WR,10,0,0,0,0,0,0,0,0,0,0,0,0,0,0
457,19981,Daurice Fountain,IND,WR,5,0,0,0,0,0,0,0,0,0,0,0,0,0,0
457,21826,Darius Bradwell,LAC,RB,2,0,0,0,0,0,0,0,0,0,0,0,0,0,0
457,21846,Levante Bellamy,DEN,RB,5,0,0,0,0,0,0,0,0,0,0,0,0,0,0
457,22458,Farrod Green,IND,TE,1,0,0,0,0,0,0,0,0,0,0,0,0,0,0
457,15185,Kenjon Barner,TB,RB,6,0,0,0,0,0,0,0,0,0,0,0,0,0,0
457,18241,Johnny Holton,NYG,WR,1,0,0,0,0,0,0,0,0,0,0,0,0,0,0
457,19075,Mason Schreck,CIN,TE,14,0,0,0,0,0,0,0,0,0,0,0,0,0,0
457,20373,Deontay Burnett,PHI,WR,2,0,0,0,0,0,0,0,0,0,0,0,0,0,0
457,21728,Lawrence Cager,NYJ,TE,2,0,0,0,0,0,0,0,0,0,0,0,0,0,0
457,21749,Isaiah Zuber,NE,WR,4,0,0,0,0,0,0,0,0,0,0,0,0,0,0
457,21078,Jeff Smith,NYJ,WR,12,0,0,0,0,0,0,0,0,0,0,0,0,0,0
457,15293,Tyler Bray,CHI,QB,1,0,0,0,0,0,0,0,0,0,0,0,0,0,0
457,18716,Garrett Griffin,NO,TE,4,0,0,0,0,0,0,0,0,0,0,0,0,0,0
457,20797,Daniel Helm,SF,TE,5,0,0,0,0,0,0,0,0,0,0,0,0,0,0
457,21056,Hakeem Butler,PHI,WR,2,0,0,0,0,0,0,0,0,0,0,0,0,0,0
457,21072,Keelan Doss,LV,WR,1,0,0,0,0,0,0,0,0,0,0,0,0,0,0
457,21842,Adrian Killins,PHI,RB,1,0,0,0,0,0,0,0,0,0,0,0,0,0,0
457,21708,Reggie Begelton,GB,WR,1,0,0,0,0,0,0,0,0,0,0,0,0,0,0
457,16768,Kevin White,SF,WR,3,0,0,0,0,0,0,0,0,0,0,0,0,0,0
457,18971,Taywan Taylor,CLE,WR,3,0,0,0,0,0,0,0,0,0,0,0,0,0,0
457,18094,Temarrick Hemingway,WAS,TE,8,0,0,0,0,0,0,0,0,0,0,0,0,0,0
457,19494,Evan Baylis,ARI,TE,5,0,0,0,0,0,0,0,0,0,0,0,0,0,0
457,19599,Trey Edmunds,PIT,RB,4,0,0,0,0,0,0,0,0,0,0,0,0,0,0
457,19980,Deon Cain,PIT,WR,2,0,0,0,0,0,0,0,0,0,0,0,0,0,0
457,20071,Keith Kirkwood,CAR,WR,1,0,0,0,0,0,0,0,0,0,0,0,0,0,0
457,20079,Trey Quinn,JAX,WR,1,0,0,0,0,0,0,0,0,0,0,0,0,0,0
457,20295,Vyncint Smith,NYJ,WR,7,0,0,0,0,0,0,0,0,0,0,0,0,0,0
457,20775,Terry Godwin,JAX,WR,2,0,0,0,0,0,0,0,0,0,0,0,0,0,0
457,20893,Isaac Nauta,DET,TE,7,0,0,0,0,0,0,0,0,0,0,0,0,0,0
457,21177,Jeremy Cox,DEN,RB,7,0,0,0,0,0,0,0,0,0,0,0,0,0,0
457,21277,David Blough,DET,QB,1,0,0,0,0,0,0,0,0,0,0,0,0,0,0
457,22436,Rashod Berry,NE,OLB,3,0,0,0,0,0,0,0,0,0,0,0,0,0,0
457,21294,Alex Bachman,NYG,WR,1,0,0,0,0,0,0,0,0,0,0,0,0,0,0
457,18343,Marken Michel,CAR,WR,2,0,0,0,0,0,0,0,0,0,0,0,0,0,0
457,18666,Duke Williams,BUF,WR,1,0,0,0,0,0,0,0,0,0,0,0,0,0,0
457,20012,Bo Scarbrough,SEA,RB,1,0,0,0,0,0,0,0,0,0,0,0,0,0,0
457,20250,Robert Foster,WAS,WR,4,0,0,0,0,0,0,0,0,0,0,0,0,0,0
457,20328,Jeff Badet,WAS,WR,3,0,0,0,0,0,0,0,0,0,0,0,0,0,0
457,20984,Dexter Williams,GB,RB,3,0,0,0,0,0,0,0,0,0,0,0,0,0,0
457,21409,Nate Becker,BUF,TE,1,0,0,0,0,0,0,0,0,0,0,0,0,0,0
457,21738,Juwan Johnson,NO,TE,7,0,0,0,0,0,0,0,0,0,0,0,0,0,0
457,22090,Tony Brown,WAS,WR,1,0,0,0,0,0,0,0,0,0,0,0,0,0,0
457,13117,Dwayne Harris,CHI,WR,3,0,0,0,0,0,0,0,0,0,0,0,0,0,0
457,18401,Tommylee Lewis,NO,WR,5,0,0,0,0,0,0,0,0,0,0,0,0,0,0
457,19671,Fred Brown,DEN,WR,1,0,0,0,0,0,0,0,0,0,0,0,0,0,0
457,19925,Jaleel Scott,NYJ,WR,1,0,0,0,0,0,0,0,0,0,0,0,0,0,0
457,21865,Stephen Sullivan,SEA,TE,1,0,0,0,0,0,0,0,0,0,0,0,0,0,0
457,21514,Austin Walter,SF,RB,4,0,0,0,0,0,0,0,0,0,0,0,0,0,0
457,17289,Jake Kumerow,NO,WR,6,0,0,0,0,0,0,0,0,0,0,0,0,0,0
457,19358,Gehrig Dieter,KC,WR,4,0,0,0,0,0,0,0,0,0,0,0,0,0,0
457,19917,Antonio Callaway,MIA,WR,5,0,0,0,0,0,0,0,0,0,0,0,0,0,0
457,21967,Isaiah Coulter,HOU,WR,1,0,0,0,0,0,0,0,0,0,0,0,0,0,0
457,21971,Sewo Olonilua,DAL,FB,2,0,0,0,0,0,0,0,0,0,0,0,0,0,0
457,22339,Kirk Merritt,MIA,WR,1,0,0,0,0,0,0,0,0,0,0,0,0,0,0
457,17750,Ross Travis,NYJ,TE,1,0,0,0,0,0,0,0,0,0,0,0,0,0,0
457,22417,Kristian Wilkerson,NE,WR,1,0,0,0,0,0,0,0,0,0,0,0,0,0,0
457,21531,Chris Myarick,MIA,FB,3,0,0,0,0,0,0,0,0,0,0,0,0,0,0
457,20993,Caleb Wilson,PHI,TE,5,0,0,0,0,0,0,0,0,0,0,0,0,0,0
457,20886,Stanley Morgan,CIN,WR,6,0,0,0,0,0,0,0,0,0,0,0,0,0,0
457,22340,Matt Cole,SF,WR,1,0,0,0,0,0,0,0,0,0,0,0,0,0,0
457,21115,Juwann Winfree,GB,WR,2,0,0,0,0,0,0,0,0,0,0,0,0,0,0
457,13791,Lamar Miller,WAS,RB,1,0,0,0,0,0,0,0,0,0,0,0,0,0,0
457,21161,Brandon Dillon,MIN,TE,3,0,0,0,0,0,0,0,0,0,0,0,0,0,0
457,20581,Johnny Stanton IV,CLE,FB,1,0,0,0,0,0,0,0,0,0,0,0,0,0,0
457,20809,Elijah Holyfield,PHI,RB,1,0,0,0,0,0,0,0,0,0,0,0,0,0,0
457,21564,Craig Reynolds,JAX,RB,2,0,0,0,0,0,0,0,0,0,0,0,0,0,0
457,21549,Tony Brooks-James,ATL,RB,1,0,0,0,0,0,0,0,0,0,0,0,0,0,0
457,22213,Kendall Hinton,DEN,WR,1,0,0,0,0,0,0,0,0,0,0,0,0,0,0
457,19559,Sean Culkin,BAL,TE,1,0,0,0,0,0,0,0,0,0,0,0,0,0,0
457,18070,Wendell Smallwood,PIT,RB,1,0,0,0,0,0,0,0,0,0,0,0,0,0,0
457,20134,Kevin Rader,PIT,TE,1,0,0,0,0,0,0,0,0,0,0,0,0,0,0
457,21810,Tyler Huntley,BAL,QB,2,0,0,0,0,0,0,0,0,0,0,0,0,0,0
457,19021,Chad Hansen,HOU,WR,5,0,0,0,0,0,0,0,0,0,0,0,0,0,0
457,18057,Seth DeValve,ARI,TE,4,0,0,0,0,0,0,0,0,0,0,0,0,0,0
457,22244,Ja'Marcus Bradley,CLE,WR,3,0,0,0,0,0,0,0,0,0,0,0,0,0,0
457,21344,Hale Hentges,MIN,TE,1,0,0,0,0,0,0,0,0,0,0,0,0,0,0
457,21787,Javon Leake,WAS,RB,1,0,0,0,0,0,0,0,0,0,0,0,0,0,0
457,11422,Joe Webb,NYG,QB,2,0,0,0,0,0,0,0,0,0,0,0,0,0,0
457,21793,Mike Warren II,WAS,RB,1,0,0,0,0,0,0,0,0,0,0,0,0,0,0
457,22346,Jake Bargas,MIN,FB,1,0,0,0,0,0,0,0,0,0,0,0,0,0,0
457,15974,Jordan Matthews,SF,TE,2,0,0,0,0,0,0,0,0,0,0,0,0,0,0
457,20477,Derrick Willies,CLE,WR,1,0,0,0,0,0,0,0,0,0,0,0,0,0,0
457,21263,Trenton Irwin,CIN,WR,1,0,0,0,0,0,0,0,0,0,0,0,0,0,0
457,21158,Matt Sokol,LAC,TE,2,0,0,0,0,0,0,0,0,0,0,0,0,0,0
457,22177,Chris Rowland,ATL,WR,2,0,0,0,0,0,0,0,0,0,0,0,0,0,0
457,21774,Tony Jones Jr.,NO,RB,1,0,0,0,0,0,0,0,0,0,0,0,0,0,0
457,22151,Tommy Stevens,CAR,TE,1,0,0,0,0,0,0,0,0,0,0,0,0,0,0
649,16855,Ty Montgomery,NO,WR,6,0,0,0,-1,0,0,0,0,0,0,0,0,0,-0.1
650,18422,Kalif Raymond,TEN,WR,15,0,0,0,-3,0,0,0,0,0,0,0,0,0,-0.3
651,20055,Logan Woodside,TEN,QB,6,0,0,0,-5,0,0,0,0,0,0,0,0,-0.1,-0.5
652,21513,Darrius Shepherd,GB,WR,8,0,0,0,0,0,1,2,0,0,0,0,0,-0.1,-0.8
653,22146,Ben DiNucci,DAL,QB,3,16,0,0,0,0,0,0,0,0,0,0,0,-0.5,-1.36
654,18197,Alex Erickson,CIN,WR,16,0,0,0,0,0,0,0,0,0,0,0,0,-0.1,-2
655,8358,Brian Hoyer,NE,QB,1,-4,0,0,0,0,0,0,0,0,0,0,0,-2.2,-2.16
656,20990,Trayveon Williams,CIN,RB,10,0,0,0,-2,0,0,0,0,0,0,0,0,-0.2,-2.2
